TerritoryID,TerritoryNumber,CategoryCode,Category,TerritoryAddressID,ApartmentNumber,Number,Street,Suburb,PostalCode,State,Name,Phone,Type,Status,NotHomeAttempt,Date1,Date2,Date3,Date4,Date5,Language,Latitude,Longitude,Notes,NotesFromPublisher,Process Notes,original_cache_file,moved_timestamp
855894.0,26,,,2586024.0,Unit,1201 1/2,Myrtle Ave,Inglewood,90301,CA,,,Apartment,Available,0.0,,,,,,,33.94716,-118.349246,,,,,
855894.0,26,,,8688213.0,Unit 3/4,1201 3/4,Myrtle Ave,Inglewood,90301,CA,,,Apartment,Available,0.0,,,,,,,33.94716,-118.349246,,,,,
760882.0,27,,,4880028.0,,2,E Nutwood St,Inglewood,90301,CA,,,House,Available,0.0,,,,,,,33.9590119,-118.3485751,,,,,
549915.0,28,,,9683358.0,Unit,522 1/2,E Kelso St,Inglewood,90301,CA,,,Apartment,Available,0.0,,,,,,,33.9571485,-118.3491644,,,,,
549915.0,28,,,4295828.0,,2,E La Palma Dr,Inglewood,90301,CA,,,House,Available,0.0,,,,,,,33.9557704,-118.3506543,,,,,
549915.0,28,,,2238147.0,,835,E La Palma Dr,Inglewood,90301,CA,,,House,Available,0.0,,,,,,,33.9553682,-118.3498559,,,,,
549915.0,28,,,8638395.0,,843,E La Palma Dr,Inglewood,90301,CA,,,House,Available,0.0,,,,,,,33.9553685,-118.3498451,,,,,
549915.0,28,,,7893101.0,,921,E La Palma Dr,Inglewood,90301,CA,,,House,Available,0.0,,,,,,,33.9553881,-118.3490981,,,,,
549915.0,28,,,3974568.0,,933,E La Palma Dr,Inglewood,90301,CA,,,House,Available,0.0,,,,,,,33.9553891,-118.3490265,,,,,
540184.0,29,,,9008114.0,,162,E Tamarack Ave,Inglewood,90301,CA,,,House,Available,0.0,,,,,,,33.9555548,-118.3513818,,,,,
278155.0,30,,,8201058.0,,126,E Arbor Vitae St,Inglewood,90301,CA,,,House,Available,0.0,,,,,,,33.95278,-118.353793,,,,,
278155.0,30,,,6010982.0,,114,E Buckthorn St,Inglewood,90301,CA,,,House,Available,0.0,,,,,,,33.9539871,-118.354223,,,,,
278155.0,30,,,9443898.0,,924,E La Palma Dr,Inglewood,90301,CA,,,House,Available,0.0,,,,,,,33.9552236,-118.3490605,,,,,
278155.0,30,,,6236941.0,,710 1/2,Larch St,Inglewood,90301,CA,,,House,Available,0.0,,,,,,,33.9510217,-118.3509071,,,,,
278155.0,30,,,2468539.0,,712 1/2,Larch St,Inglewood,90301,CA,,,House,NotHome,1.0,2024/11/09,,,,,,33.9510217,-118.3509071,,,,,
288694.0,31,,,8919182.0,,811,Java Ave,Inglewood,90301,CA,,,House,Home,0.0,2025/06/05,,,,,,33.9538543,-118.3514546,,,,,
288694.0,31,,,5052715.0,,822,Java Ave,Inglewood,90301,CA,,,House,Available,0.0,,,,,,,33.9537162,-118.3512546,,,,,
780474.0,32,,,2622432.0,,1003,Larch St,Inglewood,90301,CA,,,House,Available,0.0,,,,,,,33.9510217,-118.3509071,,,,,
780474.0,32,,,3036971.0,,1040,S La Brea Ave,Inglewood,90301,CA,,,House,Available,0.0,,,,,,,33.9500582,-118.3524409,,,,,
780474.0,32,,,5281268.0,,924,S Orchard Dr,Inglewood,90301,CA,,,House,Available,0.0,,,,,,,33.952698,-118.351645,,,,,
822620.0,33,,,7867190.0,,939,Maple St,Inglewood,90301,CA,,,House,Available,0.0,,,,,,,33.9516324,-118.3538781,,,,,
822620.0,33,,,8469919.0,,1014,S Grevillea Ave,Inglewood,90301,CA,,,House,Available,0.0,,,,,,,33.950544,-118.3548399,,,,,
669178.0,34,,,9816076.0,,112,E Hardy St,Inglewood,90301,CA,,,House,Available,0.0,,,,,,,33.949,-118.354487,,,,,
669178.0,34,,,8787514.0,,1110,Maple St,Inglewood,90301,CA,,,House,Available,0.0,,,,,,,33.9488023,-118.3536581,,,,,
669178.0,34,,,1112679.0,,1111,Maple St,Inglewood,90301,CA,,,House,Available,0.0,,,,,,,33.9488016,-118.3538553,,,,,
669178.0,34,,,1744277.0,Unit,1217 1/2,Maple St,Inglewood,90301,CA,,,Apartment,Available,0.0,,,,,,,33.9468835,-118.3536673,,,,,
669178.0,34,,,7586710.0,,1218,Maple St,Inglewood,90301,CA,,,House,Available,0.0,,,,,,,33.9468672,-118.3536675,,,,,
669178.0,34,,,8479444.0,,148,W 98th St,Inglewood,90301,CA,,,House,Available,0.0,,,,,,,33.9471955,-118.3554207,,,,,
785270.0,37,,,1939150.0,,923,S Fir Ave,Inglewood,90301,CA,,,House,Available,0.0,,,,,,,33.9522275,-118.3570058,,,,,
785270.0,37,,,7918334.0,,925,S Fir Ave,Inglewood,90301,CA,,,House,Available,0.0,,,,,,,33.9521954,-118.357005,,,,,
785270.0,37,,,6986955.0,,929,S Fir Ave,Inglewood,90301,CA,,,House,Available,0.0,,,,,,,33.9521311,-118.3570035,,,,,
785270.0,37,,,3432544.0,,931,S Fir Ave,Inglewood,90301,CA,,,House,Available,0.0,,,,,,,33.9520989,-118.3570028,,,,,
785270.0,37,,,8343183.0,,933,S Fir Ave,Inglewood,90301,CA,,,House,Available,0.0,,,,,,,33.9520668,-118.357002,,,,,
785270.0,37,,,2368012.0,,939,S Fir Ave,Inglewood,90301,CA,,,House,Available,0.0,,,,,,,33.9519704,-118.3569998,,,,,
785270.0,37,,,3034165.0,,945,S Fir Ave,Inglewood,90301,CA,,,House,Available,0.0,,,,,,,33.951874,-118.3569976,,,,,
222245.0,38,,,4252219.0,,279,W Hardy St,Inglewood,90301,CA,,,House,Available,0.0,,,,,,,33.9491581,-118.3587224,,,,,
171827.0,39,,,3546207.0,,1144,S Eucalyptus Ave,Inglewood,90301,CA,,,House,DoNotCall,0.0,,,,,,,33.948222,-118.3589858,,,,,
171827.0,39,,,1103314.0,,1210 1/2,S Inglewood Ave,Inglewood,90301,CA,,,House,NotHome,1.0,2025/04/23,,,,,,33.9622501,-118.3617352,,,,,
994894.0,40,,,6770015.0,,905,S Eucalyptus Avenue,Inglewood,90301,California,,,House,Available,0.0,,,,,,,33.952476,-118.359286,,,,,
994894.0,40,,,3856306.0,,304,W  Arbor Vitae Street,Inglewood,90301,California,,,House,Available,0.0,,,,,,,33.952476,-118.359429,,,,,
994894.0,40,,,1741883.0,,308,W  Arbor Vitae Street,Inglewood,90301,California,,,House,Available,0.0,,,,,,,33.9524761,-118.3595775,,,,,
994894.0,40,,,2486584.0,,312,W  Arbor Vitae Street,Inglewood,90301,California,,,House,Available,0.0,,,,,,,33.952476,-118.359726,,,,,
604395.0,41,,,5587694.0,,1016 1/2,S Inglewood Ave,Inglewood,90301,CA,,,House,Custom1,0.0,2024/12/23,,,,,,33.9622501,-118.3617352,,,,,
604395.0,41,,,8909917.0,,1018 1/2,S Inglewood Ave,Inglewood,90301,CA,,,House,NotHome,1.0,2024/12/23,,,,,,33.9622501,-118.3617352,,,,,
604395.0,41,,,1752572.0,,1020 1/2,S Inglewood Ave,Inglewood,90301,CA,,,House,NotHome,1.0,2024/12/23,,,,,,33.9524563,-118.361403,,locked,,,
604395.0,41,,,4359827.0,,1024 1/2,S Inglewood Ave,Inglewood,90301,CA,,,House,Available,0.0,,,,,,,33.9622501,-118.3617352,,,,,
604395.0,41,,,2365623.0,,938,S Inglewood Ave,Inglewood,90301,CA,,,House,Available,0.0,,,,,,,33.951498,-118.361234,,,,,
604395.0,41,,,5466648.0,,938,S Inglewood Avenue,Inglewood,90301,California,,,House,Available,0.0,,,,,,,33.951088,-118.360946,,,,,
604395.0,41,,,5053035.0,,350,W Arbor Vitae St,Inglewood,90301,CA,,,House,Available,0.0,,,,,,,33.95335,-118.3301634,,,,,
604395.0,41,,,5866387.0,,345,W Hardy St,Inglewood,90301,CA,,,House,Available,0.0,,,,,,,33.9491517,-118.3605383,,,,,
681761.0,42,,,7932442.0,,1091,S Inglewood Ave,Inglewood,90301,CA,,,House,Available,0.0,,,,,,,33.9492002,-118.361231,,,,,
681761.0,42,,,9699839.0,,919,S Inglewood Ave,Inglewood,90301,CA,,,House,Home,0.0,2024/10/02,,,,,,33.9622501,-118.3617352,,a and b A was home B was not,,,
681761.0,42,,,8037301.0,,933,S Inglewood Ave,Inglewood,90301,CA,,,House,Available,0.0,,,,,,,33.9622501,-118.3617352,,,,,
681761.0,42,,,1666876.0,,6100,W 94th St,Los Angeles,90045,CA,,,House,Available,0.0,,,,,,,33.9542965,-118.4136122,,address not in this territory,,,
114595.0,43,,,5743149.0,Unit,9530 1/2,Felton Ave,Inglewood,90301,CA,,,Apartment,Available,0.0,,,,,,,33.9498442,-118.365528,,,,,
114595.0,43,,,9056651.0,,9507,S Inglewood Ave,Inglewood,90301,CA,,,House,Available,0.0,,,,,,,33.9499956,-118.3614252,,,,,
114595.0,43,,,6401117.0,,4853 1/2,W 98th St,Inglewood,90301,CA,,,House,Available,0.0,,,,,,,33.94728,-118.354924,,,,,
114595.0,43,,,7300845.0,Unit,4901 1/2,W 98th St,Inglewood,90301,CA,,,Apartment,Available,0.0,,,,,,,33.947388,-118.36376,,,,,
114595.0,43,,,5500882.0,,4913,W 98th St,Inglewood,90301,CA,,,House,Available,0.0,,,,,,,33.9473874,-118.3640717,,,,,
366434.0,44,,,5388963.0,,4936 1/2,W 98th St,Inglewood,90301,CA,,,House,Available,0.0,,,,,,,33.947259,-118.361342,,,,,
366434.0,44,,,3234444.0,,4861,W 99th St,Inglewood,90301,CA,,,House,Available,0.0,,,,,,,33.9463912,-118.3643114,,,,,
366434.0,44,,,2735525.0,Unit,4903 1/2,W 99th St,Inglewood,90301,CA,,,Apartment,Custom1,0.0,2025/01/15,,,,,,33.9463912,-118.3643114,,No Trespassing,,,
366434.0,44,,,9664641.0,,4913 1/2,W 99th St,Inglewood,90301,CA,,,House,Available,0.0,,,,,,,33.9463912,-118.3643114,,,,,
366434.0,44,,,5659984.0,,4969,W 99th St,Inglewood,90301,CA,,,House,NotHome,1.0,2025/01/15,,,,,,33.9463912,-118.3643114,,,,,
660550.0,45,,,4320348.0,Unit,4922 1/4,W 99th St,Inglewood,90301,CA,,,Apartment,Custom1,0.0,2025/02/15,,,,,,33.9462968,-118.3635262,,,,,
660550.0,45,,,8896878.0,Unit,4940 1/2,W 99th St,Inglewood,90304,CA,,,Apartment,NotHome,1.0,2025/02/15,,,,,,33.9462934,-118.3638296,,,,,
660550.0,45,,,4179703.0,,4823,W Century Blvd,Inglewood,90304,CA,,,House,Available,0.0,,,,,,,33.9455151,-118.3620962,,,,,
821256.0,47,,,7210469.0,,520,Kenwood St,Inglewood,90301,CA,,,House,Available,0.0,,,,,,,33.9522519,-118.3667859,,,,,
821256.0,47,,,1340313.0,,905 1/2,Kenwood St,Inglewood,90301,CA,,,House,NotHome,2.0,,2025/06/02,,,,,33.9522519,-118.3667859,,,,,
821256.0,47,,,6441151.0,,612 1/2,W Arbor Vitae St,Inglewood,90301,CA,,,House,Available,0.0,,,,,,,33.95335,-118.3301634,,,,,
841750.0,48,,,8573922.0,,9610 1/2,Ocean Gate Ave,Inglewood,90301,CA,,,House,Available,0.0,,,,,,,33.9477257,-118.3677828,,locked gate with dog,,,
841750.0,48,,,8637205.0,,9724 1/2,Ocean Gate Ave,Inglewood,90301,CA,,,House,NotHome,1.0,2025/05/05,,,,,,33.95023,-118.367749,,,,,
841750.0,48,,,7306458.0,,9521 1/2,Redfern Ave,Inglewood,90301,CA,,,House,Available,0.0,,,,,,,33.950236,-118.366659,,,,,
841750.0,48,,,1544966.0,,9528 1/2,Redfern Ave,Inglewood,90301,CA,,,House,Available,0.0,,,,,,,33.950236,-118.366659,,,,,
841750.0,48,,,3472281.0,,9715 1/2,Redfern Ave,Inglewood,90301,CA,,,House,NotHome,1.0,2025/04/21,,,,,,33.950236,-118.366659,,,,,
841750.0,48,,,8119166.0,,9549,S Felton Ave,Inglewood,90301,CA,,,House,Available,0.0,,,,,,,33.9496803,-118.3657218,,,,,
465156.0,49,,,3052239.0,,756,Grace Ave,Inglewood,90301,CA,,,House,Available,0.0,,,,,,,33.9683845,-118.3452494,,,,,
465156.0,49,,,3258576.0,,202,N Locust St,Inglewood,90301,CA,,,House,Available,0.0,,,,,,,33.9646392,-118.3502976,,,,,
465156.0,49,,,2495103.0,,448,N Osage Ave,Inglewood,90301,CA,,,House,Available,0.0,,,,,,,33.9700446,-118.3449683,,,,,
465156.0,49,,,9624020.0,,335,S Prairie Ave,Inglewood,90301,CA,,,House,Available,0.0,,,,,,,33.9597933,-118.343971,,,,,
465156.0,49,,,7140842.0,,732,Sienna Wy,Inglewood,90301,CA,,,House,Available,0.0,,,,,,,33.956526,-118.358654,,,,,
465156.0,49,,,6427097.0,,736,Sienna Wy,Inglewood,90301,CA,,,House,Available,0.0,,,,,,,33.956526,-118.358654,,,,,
465156.0,49,,,7117693.0,,771,Sienna Wy,Inglewood,90301,CA,,,House,Available,0.0,,,,,,,33.956526,-118.358654,,,,,
520602.0,50,,,3325969.0,,318,E Regent St,Inglewood,90301,CA,,,House,Available,0.0,,,,,,,33.9643882,-118.3515951,,,,,
520602.0,50,,,3496538.0,,204,N La Brea Ave,Inglewood,90301,CA,,,House,Available,0.0,,,,,,,33.9645907,-118.3532585,,,,,
520602.0,50,,,7727380.0,,208,N La Brea Ave,Inglewood,90301,CA,,,House,Available,0.0,,,,,,,33.9646195,-118.353259,,,,,
520602.0,50,,,7100103.0,,205,N Market St,Inglewood,90301,CA,,,House,Available,0.0,,,,,,,33.9646612,-118.3518204,,,,,
520602.0,50,,,4228554.0,,213,N Market St,Inglewood,90301,CA,,,House,Available,0.0,,,,,,,33.9647735,-118.3518212,,,,,
520602.0,50,,,9274455.0,,219,N Market St,Inglewood,90301,CA,,,House,Available,0.0,,,,,,,33.9648577,-118.3518217,,,,,
520602.0,50,,,4920162.0,,221,N Market St,Inglewood,90301,CA,,,House,Available,0.0,,,,,,,33.9648858,-118.3518219,,,,,
520602.0,50,,,9804966.0,,223,N Market St,Inglewood,90301,CA,,,House,Available,0.0,,,,,,,33.9649139,-118.3518226,,,,,
520602.0,50,,,8384457.0,,237,N Market St,Inglewood,90301,CA,,,House,Available,0.0,,,,,,,33.9651099,-118.3518368,,,,,
909272.0,52,,,7205351.0,Apt 1,416,E Regent St,Inglewood,0,CA,,,Apartment,Home,0.0,2025/01/22,,,,,,33.9643986,-118.3497668,,,,,
291807.0,53,,,7899356.0,Unit,662 1/2,Aerick St,Inglewood,90301,CA,,,Apartment,Available,0.0,,,,,,,33.963512,-118.344215,,,,,
291807.0,53,,,5346089.0,,525,E Queen St,Inglewood,90301,CA,,,House,Available,0.0,,,,,,,33.9627188,-118.348151,,,,,
923657.0,54,,,1695972.0,,643,E Manchester Blvd,Inglewood,90301,CA,,,House,Available,0.0,,,,,,,33.9602719,-118.3468695,,,,,
923657.0,54,,,3915186.0,,717 1/2,E Manchester Blvd,Inglewood,90301,CA,,,House,Available,0.0,,,,,,,33.9616228,-118.3611939,,,,,
923657.0,54,,,4633700.0,,721,E Manchester Blvd,Inglewood,90301,CA,,,House,Available,0.0,,,,,,,33.959862,-118.3458124,,,,,
923657.0,54,,,2635562.0,Apt 1,512,E Queen St,Inglewood,90301,CA,,,Apartment,Available,0.0,,,,,,,33.9625565,-118.347945,,,,,
923657.0,54,,,2781630.0,Unit,522 1/2,E Queen St,Inglewood,90301,CA,,,Apartment,Available,0.0,,,,,,,33.9625601,-118.347505,,gate locked,,,
923657.0,54,,,4090736.0,Unit,620 1/2,E Queen St,Inglewood,90301,CA,,,Apartment,Home,0.0,2025/05/17,,,,,,33.9625782,-118.3455995,,,,,
923657.0,54,,,2651711.0,Unit,717 1/2,Manchester Dr,Inglewood,90301,CA,,,Apartment,Home,0.0,2025/04/19,,,,,,33.9607119,-118.3455023,,,,,
923657.0,54,,,2572693.0,,521,Manchester Ter,Inglewood,90301,CA,,,House,Available,0.0,,,,,,,33.96173,-118.347775,,,,,
923657.0,54,,,8406921.0,,524,Manchester Ter,Inglewood,90301,CA,,,House,Available,0.0,,,,,,,33.9615744,-118.3471739,,,,,
923657.0,54,,,6909524.0,Unit,617,Manchester Ter,Inglewood,90301,CA,,,Apartment,NotHome,1.0,2025/04/25,,,,,,33.961756,-118.34599,,,,,
923657.0,54,,,1466150.0,Unit,617 1/2,Manchester Ter,Inglewood,90301,CA,,,Apartment,Home,0.0,2025/04/25,,,,,,33.961756,-118.34599,,,,,
923657.0,54,,,9808447.0,Unit 3/4,617 3/4,Manchester Ter,Inglewood,90301,CA,,,Apartment,Available,0.0,,,,,,,33.961756,-118.34599,,,,,
923657.0,54,,,8880581.0,,661,Manchester Ter,Inglewood,90301,CA,,,House,Available,0.0,,,,,,,33.9617617,-118.3453249,,,,,
923657.0,54,,,3216553.0,,105,N Prairie Ave,Inglewood,90301,CA,,,House,Available,0.0,,,,,,,33.9629358,-118.3440375,,,,,
923657.0,54,,,5672757.0,,101,S Prairie Ave,Inglewood,90301,CA,,,House,Available,0.0,,,,,,,33.9597933,-118.343971,,,,,
565020.0,56,,,1845195.0,,3446,W 79th Pl,Inglewood,90305,CA,,,House,DoNotCall,0.0,,,,,,,,,,,,,
565020.0,56,,,5211754.0,,3439,W 80th St,Inglewood,90305,CA,,,House,Available,0.0,,,,,,,33.966442,-118.3320408,,,,,
565020.0,56,,,2854788.0,,3522,W 80th St,Inglewood,90305,CA,,,House,DoNotCall,0.0,,,,,,,,,,,,,
565020.0,56,,,2619039.0,,3444,W 81St St,Inglewood,90305,CA,,,House,Available,0.0,,,,,,,33.9653605,-118.3320388,,,,,
565020.0,56,,,4232590.0,Apt 1,7871,Crenshaw Blvd,Los Angeles,,,,,Apartment,NotHome,1.0,2025/05/01,,,,,,0.0,0.0,,,,,
565020.0,56,,,3040120.0,,3412,W 78th Pl,Los Angeles,90043,CA,,,House,Available,0.0,,,,,,,33.9680234,-118.3312251,,,,,
565020.0,56,,,5721575.0,,3441,W 79th St,Los Angeles,90043,CA,,,House,Available,0.0,,,,,,,33.9673339,-118.3319823,,,,,
801960.0,57,,,1522614.0,,8209 1/2,Crenshaw Dr,Inglewood,90305,CA,,,House,Home,0.0,2025/05/26,,,,,,33.966346,-118.318857,,,,,
801960.0,57,,,5766716.0,,8255 1/2,Crenshaw Dr,Inglewood,90305,CA,,,House,Available,0.0,,,,,,,33.966346,-118.318857,,,,,
801960.0,57,,,8594274.0,,8259 1/2,Crenshaw Dr,Inglewood,90305,CA,,,House,Available,0.0,,,,,,,33.966346,-118.318857,,,,,
801960.0,57,,,1033636.0,,8263 1/2,Crenshaw Dr,Inglewood,90305,CA,,,House,Available,0.0,,,,,,,33.966346,-118.318857,,,,,
801960.0,57,,,8070088.0,,8311 1/2,Crenshaw Dr,Inglewood,90305,CA,,,House,Available,0.0,,,,,,,33.9646049,-118.33091,,locked gate,,,
801960.0,57,,,6656843.0,,8407 1/2,Crenshaw Dr,Inglewood,90305,CA,,,House,NotHome,1.0,2025/05/16,,,,,,33.966346,-118.318857,,,,,
801960.0,57,,,1483448.0,,8409 1/2,Crenshaw Dr,Inglewood,90305,CA,,,House,NotHome,1.0,2025/05/16,,,,,,33.966346,-118.318857,,,,,
801960.0,57,,,2222283.0,,8413 1/2,Crenshaw Dr,Inglewood,90305,CA,,,House,Available,0.0,,,,,,,33.966346,-118.318857,,,,,
801960.0,57,,,1339912.0,,8417 1/2,Crenshaw Dr,Inglewood,90305,CA,,,House,Available,0.0,,,,,,,33.966346,-118.318857,,,,,
801960.0,57,,,2027286.0,,8421 1/2,Crenshaw Dr,Inglewood,90305,CA,,,House,NotHome,1.0,2025/05/16,,,,,,33.966346,-118.318857,,,,,
801960.0,57,,,5910457.0,Unit,3404 1/2,W 83rd St,Inglewood,90305,CA,,,Apartment,Home,0.0,2025/05/02,,,,,,33.966346,-118.318857,,,,,
801960.0,57,,,8685725.0,,3433,W 83rd St,Inglewood,90305,CA,,,House,Available,0.0,,,,,,,33.9628045,-118.331839,,,,,
801960.0,57,,,6789559.0,,3528,W 85th St,Inglewood,90305,CA,,,House,Available,0.0,,,,,,,33.9607918,-118.3338426,,,,,
801960.0,57,,,1829424.0,,3540,W 85th St,Inglewood,90305,CA,,,House,Available,0.0,,,,,,,33.9607927,-118.334034,,,,,
801960.0,57,,,1317033.0,,8540,West Blvd,Inglewood,90305,CA,,,House,Available,0.0,,,,,,,33.9605187,-118.3350154,,,,,
989214.0,58,,,7035607.0,,33733,W 83rd St,Inglewood,90305,CA,,,House,Available,0.0,,,,,,,33.9627701,-118.3307785,,,,,
989214.0,58,,,4238776.0,,3225,W 84th Pl,Inglewood,90305,CA,,,House,Available,0.0,,,,,,,33.9618285,-118.3280065,,,,,
989214.0,58,,,2113822.0,,3300,W 84th St,Inglewood,90305,CA,,,House,Available,0.0,,,,,,,33.962753,-118.329018,,,,,
989214.0,58,,,7078058.0,,3300,W 85th St,Inglewood,90305,CA,,,House,Available,0.0,,,,,,,33.960811,-118.328879,,,,,
989214.0,58,,,4528135.0,,3233,W Manchester Blvd,Inglewood,90305,CA,,,House,Available,0.0,,,,,,,33.960139,-118.3265147,,,,,
786471.0,59,,,5228845.0,Unit,6717 1/2,10th Ave,Los Angeles,90043,CA,,,Apartment,Available,0.0,,,,,,,33.9776527,-118.328044,,,,,
786471.0,59,,,8904057.0,Unit,6717 1/4,10th Ave,Los Angeles,90043,CA,,,Apartment,Available,0.0,,,,,,,33.9776527,-118.328044,,,,,
786471.0,59,,,1739345.0,Unit 3/4,6717 3/4,10th Ave,Los Angeles,90043,CA,,,Apartment,Available,0.0,,,,,,,33.9776527,-118.328044,,,,,
786471.0,59,,,2437430.0,Unit,6805 1/2,10th Ave,Los Angeles,90043,CA,,,Apartment,Available,0.0,,,,,,,34.003685,-118.319268,,,,,
786471.0,59,,,3523856.0,Unit,6805 1/4,10th Ave,Los Angeles,90043,CA,,,Apartment,Available,0.0,,,,,,,34.003676,-118.321384,,,,,
786471.0,59,,,1512788.0,,6809,10th Ave,Los Angeles,90043,CA,,,House,Available,0.0,,,,,,,33.9767193,-118.3280496,,,,,
786471.0,59,,,4346434.0,,6815,10th Ave,Los Angeles,90043,CA,,,House,Available,0.0,,,,,,,33.9766832,-118.3280498,,,,,
786471.0,59,,,2400703.0,Unit,6901 1/2,10th Ave,Los Angeles,90043,CA,,,Apartment,Available,0.0,,,,,,,33.976228,-118.3280528,,,,,
786471.0,59,,,6931117.0,Unit,6901 1/4,10th Ave,Los Angeles,90043,CA,,,Apartment,Available,0.0,,,,,,,33.976228,-118.3280528,,,,,
786471.0,59,,,1068198.0,,6905 1/2,10th Ave,Los Angeles,90043,CA,,,House,NotHome,1.0,2025/05/26,,,,,,34.003685,-118.319268,,,,,
786471.0,59,,,2029553.0,,7133,10th Ave,Los Angeles,90043,CA,,,House,Available,0.0,,,,,,,33.9752714,-118.3280586,,,,,
786471.0,59,,,1373525.0,,6719,11th Ave,Los Angeles,90043,CA,,,House,Available,0.0,,,,,,,33.9959403,-118.3294089,,,,,
786471.0,59,,,8566781.0,,6720,11th Ave,Los Angeles,90043,CA,,,House,Available,0.0,,,,,,,34.0053225,-118.3296131,,,,,
786471.0,59,,,8433048.0,,6723,11th Ave,Los Angeles,90043,CA,,,House,Available,0.0,,,,,,,33.9801472,-118.3293982,,,,,
786471.0,59,,,4259941.0,,6728,11th Ave,Los Angeles,90043,CA,,,House,Available,0.0,,,,,,,34.0053225,-118.3296131,,,,,
786471.0,59,,,1802866.0,Unit,6828 1/2,11th Ave,Los Angeles,90043,CA,,,Apartment,Available,0.0,,,,,,,33.9959403,-118.3294089,,,,,
786471.0,59,,,8717796.0,Unit,6828 1/4,11th Ave,Los Angeles,90043,CA,,,Apartment,Available,0.0,,,,,,,33.9959403,-118.3294089,,,,,
786471.0,59,,,5372421.0,,6838,11th Ave,Los Angeles,90043,CA,,,House,Available,0.0,,,,,,,34.0053225,-118.3296131,,,,,
786471.0,59,,,1851840.0,,7127,11th Ave,Los Angeles,90043,CA,,,House,Available,0.0,,,,,,,33.9753134,-118.3295003,,,,,
786471.0,59,,,5788433.0,,6801,8th Ave,Los Angeles,90043,CA,,,House,Available,0.0,,,,,,,33.997381,-118.3258035,,,,,
786471.0,59,,,8341110.0,,7005 1/2,8th Ave,Los Angeles,90043,CA,,,House,NotHome,1.0,2025/05/26,,,,,,33.997381,-118.3258035,,,,,
786471.0,59,,,8867965.0,,7009,8th Ave,Los Angeles,90043,CA,,,House,Available,0.0,,,,,,,34.0055105,-118.325844,,,,,
786471.0,59,,,2627250.0,,7101,8th Ave,Los Angeles,90043,CA,,,House,Available,0.0,,,,,,,33.997381,-118.3258035,,,,,
786471.0,59,,,3466007.0,Unit,6812 1/2,Crenshaw Blvd,Los Angeles,90043,CA,,,Apartment,Available,0.0,,,,,,,33.9775011,-118.3307683,,,,,
786471.0,59,,,6334966.0,Unit,6812 1/4,Crenshaw Blvd,Los Angeles,90043,CA,,,Apartment,Available,0.0,,,,,,,33.9775011,-118.3307683,,,,,
786471.0,59,,,2493438.0,Unit 3/4,6812 3/4,Crenshaw Blvd,Los Angeles,90043,CA,,,Apartment,Available,0.0,,,,,,,33.9775011,-118.3307683,,,,,
786471.0,59,,,7737280.0,,6836,Crenshaw Blvd,Los Angeles,90043,CA,,,House,Available,0.0,,,,,,,33.9773574,-118.330769,,,,,
786471.0,59,,,2197139.0,,3106,W 68th St,Los Angeles,90043,CA,,,House,Available,0.0,,,,,,,33.9772634,-118.326724,,,,,
786471.0,59,,,6045539.0,,6803,W 68th St,Los Angeles,90043,CA,,,House,Available,0.0,,,,,,,33.977358,-118.3265297,,,,,
786471.0,59,,,1167286.0,,3116,W 69th St,Los Angeles,90043,CA,,,House,Available,0.0,,,,,,,33.9764375,-118.3268474,,,,,
786471.0,59,,,7169172.0,,3128,W 69th St,Los Angeles,90043,CA,,,House,Available,0.0,,,,,,,33.9764364,-118.3269873,,,,,
786471.0,59,,,1974355.0,,3302,W 71St St,Los Angeles,90043,CA,,,House,Available,0.0,,,,,,,33.9755928,-118.3295711,,,,,
786471.0,59,,,1077623.0,,3111,W Florence Ave,Los Angeles,90043,CA,,,House,Available,0.0,,,,,,,33.9746315,-118.3269728,,,,,
786471.0,59,,,3901238.0,,3115,W Florence Ave,Los Angeles,90043,CA,,,House,Available,0.0,,,,,,,33.9746305,-118.3270912,,,,,
786471.0,59,,,9829856.0,,3119 1/2,W Florence Ave,Los Angeles,90043,CA,,,House,Available,0.0,,,,,,,34.003685,-118.319268,,,,,
786471.0,59,,,6057807.0,,3123,W Florence Ave,Los Angeles,90043,CA,,,House,Available,0.0,,,,,,,33.9746285,-118.3273278,,,,,
786471.0,59,,,9292279.0,,3137,W Florence Ave,Los Angeles,90043,CA,,,House,Available,0.0,,,,,,,33.974626,-118.327697,,,,,
786471.0,59,,,1801602.0,,3207,W Florence Ave,Los Angeles,90043,CA,,,House,Available,0.0,,,,,,,33.9746216,-118.3283072,,,,,
786471.0,59,,,3325338.0,,3225,W Florence Ave,Los Angeles,90043,CA,,,House,Available,0.0,,,,,,,33.9746152,-118.3288064,,,,,
138837.0,60,,,1503925.0,,7053,5th Ave,Los Angeles,90043,CA,,,House,Available,0.0,,,,,,,33.9754251,-118.3227194,,,,,
138837.0,60,,,6307386.0,,6763,6th Ave,Los Angeles,90043,CA,,,House,Available,0.0,,,,,,,33.9770721,-118.32368,,,,,
138837.0,60,,,2081195.0,,6799,6th Ave,Los Angeles,90043,CA,,,House,Available,0.0,,,,,,,33.976499,-118.323684,,,,,
138837.0,60,,,6543405.0,,7006,6th Ave,Los Angeles,90043,CA,,,House,Available,0.0,,,,,,,33.9761552,-118.3234887,,,,,
138837.0,60,,,7844621.0,,7054,6th Ave,Los Angeles,90043,CA,,,House,Available,0.0,,,,,,,33.9753887,-118.3234946,,,,,
138837.0,60,,,2868049.0,,6725,7th Ave,Los Angeles,90043,CA,,,House,Available,0.0,,,,,,,33.9776732,-118.3246489,,,,,
138837.0,60,,,1584931.0,,7014,7th Ave,Los Angeles,90043,CA,,,House,NotHome,1.0,2025/06/11,,,,,,33.9760244,-118.3244636,,,,,
138837.0,60,,,3759644.0,,7018,8th Ave,Los Angeles,90043,CA,,,House,Available,0.0,,,,,,,33.997381,-118.3258035,,,,,
138837.0,60,,,7965787.0,,7000,Madden Ave,Los Angeles,90043,CA,,,House,Available,0.0,,,,,,,33.976245,-118.325435,,,,,
138837.0,60,,,5053342.0,,7001,Madden Ave,Los Angeles,90043,CA,,,House,Available,0.0,,,,,,,33.976246,-118.325633,,,,,
138837.0,60,,,4244338.0,,7013,Madden Ave,Los Angeles,90043,CA,,,House,Available,0.0,,,,,,,33.9761511,-118.3256337,,,,,
138837.0,60,,,1566546.0,,7035,Madden Ave,Los Angeles,90043,CA,,,House,Available,0.0,,,,,,,33.9759771,-118.3256351,,,,,
138837.0,60,,,2751021.0,,2914,W 67th St,Los Angeles,90043,CA,,,House,Available,0.0,,,,,,,33.9780947,-118.3247907,,,,,
138837.0,60,,,9688814.0,,3008,W 67th St,Los Angeles,90043,CA,,,House,Available,0.0,,,,,,,33.9780919,-118.3257238,,,,,
138837.0,60,,,1069438.0,,6707,W 67th St,Los Angeles,90043,CA,,,House,Available,0.0,,,,,,,33.9781265,-118.3338134,,,,,
138837.0,60,,,7689523.0,,2901,W Florence Ave,Los Angeles,90043,CA,,,House,Available,0.0,,,,,,,33.974642,-118.324722,,,,,
138837.0,60,,,6648098.0,,2927,W Florence Ave,Los Angeles,90043,CA,,,House,Available,0.0,,,,,,,33.9746412,-118.3249016,,,,,
138837.0,60,,,5086984.0,,2967,W Florence Ave,Los Angeles,90043,CA,,,House,Available,0.0,,,,,,,33.97464,-118.3251779,,,,,
138837.0,60,,,5758158.0,,3013,W Florence Ave,Los Angeles,90043,CA,,,House,Available,0.0,,,,,,,33.9746378,-118.3257798,,,,,
150346.0,61,,,6045037.0,,7323,5th Ave,Los Angeles,90043,CA,,,House,Available,0.0,,,,,,,33.973397,-118.3221954,,,,,
150346.0,61,,,4135485.0,,7327,5th Ave,Los Angeles,90043,CA,,,House,Available,0.0,,,,,,,33.9733702,-118.3221955,,,,,
150346.0,61,,,9961008.0,,7214,7th Ave,Los Angeles,90043,CA,,,House,Available,0.0,,,,,,,33.9743437,-118.3241843,,,,,
150346.0,61,,,1600750.0,,7414,8th Ave,Los Angeles,90043,CA,,,House,Available,0.0,,,,,,,33.997381,-118.3258035,,,,,
150346.0,61,,,2807619.0,,7514,8th Ave,Los Angeles,90043,CA,,,House,Available,0.0,,,,,,,33.997381,-118.3258035,,,,,
150346.0,61,,,9157468.0,,2720,W 73rd St,Los Angeles,90043,CA,,,House,Available,0.0,,,,,,,33.973582,-118.3230059,,,,,
150346.0,61,,,3075151.0,,2901,W 73rd St,Los Angeles,90043,CA,,,House,Available,0.0,,,,,,,33.973743,-118.324434,,,,,
150346.0,61,,,6412013.0,,2917,W 73rd St,Los Angeles,90043,CA,,,House,Available,0.0,,,,,,,33.9737426,-118.3245861,,,,,
150346.0,61,,,4060314.0,,3019,W 73rd St,Los Angeles,90043,CA,,,House,Available,0.0,,,,,,,33.97374,-118.3255556,,,,,
150346.0,61,,,6883101.0,,2625,W 74th St,Los Angeles,90043,CA,,,House,Available,0.0,,,,,,,33.9728467,-118.3223994,,,,,
150346.0,61,,,5559207.0,,3005,W 74th St,Los Angeles,90043,CA,,,House,Available,0.0,,,,,,,33.9728394,-118.3254245,,,,,
150346.0,61,,,4401950.0,,3020,W 74th St,Los Angeles,90043,CA,,,House,Available,0.0,,,,,,,33.972674,-118.3255756,,,,,
150346.0,61,,,4808625.0,,2909,W 75th St,Los Angeles,90043,CA,,,House,Available,0.0,,,,,,,33.9719398,-118.324514,,,,,
150346.0,61,,,6554565.0,,2921,W 75th St,Los Angeles,90043,CA,,,House,Available,0.0,,,,,,,33.9719395,-118.3246281,,,,,
150346.0,61,,,1440165.0,,3015,W 76th St,Los Angeles,90043,CA,,,House,Available,0.0,,,,,,,33.9709933,-118.3255242,,,,,
150346.0,61,,,7349148.0,,2606,W Florence Ave,Los Angeles,90043,CA,,,House,Available,0.0,,,,,,,33.9744859,-118.3222549,,,,,
150346.0,61,,,1229208.0,,2607,W Florence Ave,Los Angeles,90043,CA,,,House,Available,0.0,,,,,,,33.9744859,-118.322257,,,,,
150346.0,61,,,4815223.0,,2610 1/2,W Florence Ave,Los Angeles,90043,CA,,,House,Available,0.0,,,,,,,33.9744889,-118.335232,,,,,
150346.0,61,,,2049425.0,,2904,W Florence Ave,Los Angeles,90043,CA,,,House,Available,0.0,,,,,,,33.9744769,-118.3247486,,,,,
150346.0,61,,,1945371.0,,2908,W Florence Ave,Los Angeles,90043,CA,,,House,Available,0.0,,,,,,,33.9744768,-118.3247763,,,,,
150346.0,61,,,2334015.0,,2912,W Florence Ave,Los Angeles,90043,CA,,,House,Available,0.0,,,,,,,33.9744766,-118.3248039,,,,,
150346.0,61,,,7699554.0,,2914 1/2,W Florence Ave,Los Angeles,90043,CA,,,House,Available,0.0,,,,,,,33.9744889,-118.335232,,,,,
150346.0,61,,,7861322.0,,3010,W Florence Ave,Los Angeles,90043,CA,,,House,Available,0.0,,,,,,,33.9744728,-118.3257648,,,,,
584366.0,62,,,9998113.0,,7208,10th Ave,Los Angeles,90043,CA,,,House,Available,0.0,,,,,,,33.974359,-118.3284841,,dog,,,
584366.0,62,,,6435503.0,4,7215,10th Ave,Los Angeles,,,,,Apartment,Available,0.0,,,,,,,0.0,0.0,Not Home,,,,
584366.0,62,,,8410143.0,,7219,10th Ave,Los Angeles,90043,CA,,,House,Available,0.0,,,,,,,33.9742914,-118.3286822,,,,,
584366.0,62,,,9317386.0,,7223,10th Ave,Los Angeles,90043,CA,,,House,Available,0.0,,,,,,,33.9742644,-118.3286822,,,,,
584366.0,62,,,4503726.0,,7326,10th Ave,Los Angeles,90043,CA,,,House,Available,0.0,,,,,,,33.9733143,-118.3284813,,,,,
584366.0,62,,,9069112.0,,7411,10th Ave,Los Angeles,90043,CA,,,House,Available,0.0,,,,,,,33.9725293,-118.3287512,,,,,
584366.0,62,,,9878570.0,,7510,10th Ave,Los Angeles,90043,CA,,,House,Available,0.0,,,,,,,33.9716183,-118.3285552,,,,,
584366.0,62,,,2214653.0,,7229,8th Ave,Los Angeles,90043,CA,,,House,Available,0.0,,,,,,,34.0055105,-118.325844,,,,,
584366.0,62,,,4284879.0,,7421,8th Ave,Los Angeles,90043,CA,,,House,Available,0.0,,,,,,,33.997381,-118.3258035,,,,,
584366.0,62,,,7157116.0,,7203,9th Ave,Los Angeles,90043,CA,,,House,Available,0.0,,,,,,,33.9744051,-118.3276331,,,,,
584366.0,62,,,3735281.0,,7250,9th Ave,Los Angeles,90043,CA,,,House,Available,0.0,,,,,,,33.9740233,-118.3274363,,,,,
584366.0,62,,,6774776.0,,7314,9th Ave,Los Angeles,90043,CA,,,House,Available,0.0,,,,,,,33.9735155,-118.3274379,,,,,
584366.0,62,,,3019197.0,,7300,S Crenshaw Blvd,Los Angeles,90043,CA,,,House,Available,0.0,,,,,,,33.9288014,-118.326295,,,,,
584366.0,62,,,3746567.0,,3212,W 73rd St,Los Angeles,90043,CA,,,House,Available,0.0,,,,,,,33.9735445,-118.3288519,,,,,
584366.0,62,,,9469779.0,,3215,W 73rd St,Los Angeles,90043,CA,,,House,Available,0.0,,,,,,,33.9737094,-118.3288729,,,,,
584366.0,62,,,9874037.0,,3222,W 73rd St,Los Angeles,90043,CA,,,House,Available,0.0,,,,,,,33.973544,-118.3289519,,,,,
584366.0,62,,,2566399.0,,3225,W 73rd St,Los Angeles,90043,CA,,,House,Available,0.0,,,,,,,33.9737089,-118.3289729,,,,,
584366.0,62,,,9829088.0,,3227,W 73rd St,Los Angeles,90043,CA,,,House,Available,0.0,,,,,,,33.9737088,-118.3289929,,,,,
584366.0,62,,,1135243.0,,3228,W 73rd St,Los Angeles,90043,CA,,,House,Available,0.0,,,,,,,33.9735437,-118.3290119,,,,,
584366.0,62,,,4870974.0,,3304,W 73rd St,Los Angeles,90043,CA,,,House,Available,0.0,,,,,,,33.9735403,-118.3297715,,,,,
584366.0,62,,,1578765.0,,3314,W 73rd St,Los Angeles,90043,CA,,,House,Available,0.0,,,,,,,33.9735398,-118.3298714,,,,,
584366.0,62,,,3946213.0,,3323,W 73rd St,Los Angeles,90043,CA,,,House,Available,0.0,,,,,,,33.9737045,-118.3299524,,,,,
584366.0,62,,,1880491.0,,3117,W 74th St,Los Angeles,90043,CA,,,House,Available,0.0,,,,,,,33.9728236,-118.3269442,,,,,
584366.0,62,,,7296801.0,,3149,W 74th St,Los Angeles,90043,CA,,,House,Available,0.0,,,,,,,33.9728064,-118.3278006,,,,,
584366.0,62,,,8313748.0,,3156,W 74th St,Los Angeles,90043,CA,,,House,Available,0.0,,,,,,,33.9726415,-118.3279837,,,,,
584366.0,62,,,2991814.0,,3243,W 74th St,Los Angeles,90043,CA,,,House,Available,0.0,,,,,,,33.9727987,-118.3292017,,,,,
584366.0,62,,,7712105.0,,3324,W 74th St,Los Angeles,90043,CA,,,House,Available,0.0,,,,,,,33.9726301,-118.329983,,,,,
584366.0,62,,,9235175.0,,3111,W 75th St,Los Angeles,90043,CA,,,House,Available,0.0,,,,,,,33.9719273,-118.3268118,,,,,
584366.0,62,,,4849864.0,,3161,W 75th St,Los Angeles,90043,CA,,,House,Available,0.0,,,,,,,33.971909,-118.3277755,,,,,
584366.0,62,,,7868960.0,,3325,W 75th St,Los Angeles,90043,CA,,,House,Available,0.0,,,,,,,33.9718857,-118.329986,,,,,
584366.0,62,,,8611364.0,,3116,W 76th St,Los Angeles,90043,CA,,,House,Available,0.0,,,,,,,33.9708247,-118.3269272,,,,,
584366.0,62,,,2448730.0,,3106,W Florence Ave,Los Angeles,90043,CA,,,House,Available,0.0,,,,,,,33.9744675,-118.3268525,,,,,
584366.0,62,,,8869318.0,,3130,W Florence Ave,Los Angeles,90043,CA,,,House,Available,0.0,,,,,,,33.9744598,-118.3281289,,,,,
203076.0,63,,,3441741.0,,3001,79th Street,Inglewood,90305,,,,House,Available,0.0,,,,,,,,,,,,,
203076.0,63,,,9367413.0,,2605,S 5th Ave,Inglewood,90305,CA,,,House,Available,0.0,,,,,,,33.952725,-118.3221207,,,,,
203076.0,63,,,7162634.0,,3076,W 76th St,Inglewood,90305,CA,,,House,Available,0.0,,,,,,,33.9708273,-118.3261128,,,,,
203076.0,63,,,8381268.0,,2903 1/2,W 77th St,Inglewood,90305,CA,,,House,Available,0.0,,,,,,,33.9699764,-118.3221149,,,,,
203076.0,63,,,2023670.0,,3014,W 77th St,Inglewood,90305,CA,,,House,Available,0.0,,,,,,,33.9699008,-118.3255155,,,,,
203076.0,63,,,4564323.0,,2601,W 78th St,Inglewood,90305,CA,,,House,Available,0.0,,,,,,,33.969172,-118.322225,,,,,
203076.0,63,,,1078310.0,,2605,W 78th St,Inglewood,90305,CA,,,House,Available,0.0,,,,,,,33.9691719,-118.3222505,,,,,
203076.0,63,,,6075665.0,,2610,W 78th St,Inglewood,90305-1016,,,,House,Available,0.0,,,,,,,33.9690067,-118.3222877,,,,,
203076.0,63,,,7991340.0,,2710,W 78th St,Inglewood,90305-1018,,,,House,Available,0.0,,,,,,,33.9690033,-118.322925,,,,,
203076.0,63,,,6768372.0,,2723,W 78th St,Inglewood,90305-1017,,,,House,Available,0.0,,,,,,,33.9691679,-118.3230024,,,,,
203076.0,63,,,2085752.0,,2729,W 78th St,Inglewood,90305-1017,,,,House,Available,0.0,,,,,,,33.9691677,-118.3230407,,,,,
203076.0,63,,,5539274.0,,2907,W 78th St,Inglewood,90305-1019,,,,House,Available,0.0,,,,,,,33.9691596,-118.3244787,,,,,
203076.0,63,,,1379630.0,,2601,W 79th St,Inglewood,90305,CA,,,House,Available,0.0,,,,,,,33.967343,-118.322228,,,,,
729086.0,64,,,4998866.0,,3231,W 80th St,Inglewood,90305,CA,,,House,NotHome,1.0,2025/04/23,,,,,,33.9664502,-118.3278676,,,,,
729086.0,64,,,7415776.0,,3339,W 80th St,Inglewood,90305,CA,,,House,Available,0.0,,,,,,,33.9664465,-118.3293647,,,,,
729086.0,64,,,3075004.0,,7611,10th Ave,Los Angeles,90043,CA,,,House,Available,0.0,,,,,,,33.9707093,-118.3287552,,,,,
729086.0,64,,,4667723.0,,7703,8th Ave,Los Angeles,90043,CA,,,House,Available,0.0,,,,,,,33.997381,-118.3258035,,,,,
729086.0,64,,,9377655.0,,7705,8th Ave,Los Angeles,90043,CA,,,House,Available,0.0,,,,,,,33.997381,-118.3258035,,,,,
729086.0,64,,,8665783.0,,7709,8th Ave,Los Angeles,90043,CA,,,House,Available,0.0,,,,,,,33.997381,-118.3258035,,,,,
729086.0,64,,,1721387.0,,7715,8th Ave,Los Angeles,90043,CA,,,House,NotHome,1.0,2025/02/26,,,,,,33.997381,-118.3258035,,,,,
729086.0,64,,,4748311.0,,7719,8th Ave,Los Angeles,90043,CA,,,House,Available,0.0,,,,,,,33.997381,-118.3258035,,,,,
729086.0,64,,,2947748.0,,7723,8th Ave,Los Angeles,90043,CA,,,House,Available,0.0,,,,,,,33.997381,-118.3258035,,,,,
729086.0,64,,,3757453.0,,7725,8th Ave,Los Angeles,90043,CA,,,House,Available,0.0,,,,,,,33.997381,-118.3258035,,,,,
729086.0,64,,,1243811.0,,7807,8th Ave,Los Angeles,90043,CA,,,House,Available,0.0,,,,,,,33.997381,-118.3258035,,,,,
729086.0,64,,,3171714.0,,7821,8th Ave,Los Angeles,90043,CA,,,House,Available,0.0,,,,,,,33.997381,-118.3258035,,,,,
729086.0,64,,,8486641.0,,7841,8th Ave,Los Angeles,90043,CA,,,House,Available,0.0,,,,,,,34.0055105,-118.325844,,,,,
729086.0,64,,,9463494.0,,7851,8th Ave,Los Angeles,90043,CA,,,House,Available,0.0,,,,,,,33.997381,-118.3258035,,,,,
729086.0,64,,,9389215.0,Unit,7606 1/2,Crenshaw Blvd,Los Angeles,90043,CA,,,Apartment,NotHome,2.0,,2025/02/26,,,,,33.9707254,-118.3307421,,,,,
729086.0,64,,,6886828.0,Unit,7606 1/4,Crenshaw Blvd,Los Angeles,90043,CA,,,Apartment,Home,0.0,,,,,,,33.9707254,-118.3307421,,,,,
729086.0,64,,,3879860.0,Unit 3/4,7606 3/4,Crenshaw Blvd,Los Angeles,90043,CA,,,Apartment,NotHome,1.0,2024/09/07,,,,,,33.9707254,-118.3307421,,,,,
729086.0,64,,,1450089.0,Unit,7616 1/2,Crenshaw Blvd,Los Angeles,90043,CA,,,Apartment,NotHome,2.0,,2024/09/22,,,,,33.9706578,-118.3307423,,,,,
729086.0,64,,,7513730.0,Unit,7616 1/4,Crenshaw Blvd,Los Angeles,90043,CA,,,Apartment,NotHome,2.0,,2024/09/22,,,,,33.9706578,-118.3307423,,,,,
729086.0,64,,,9907151.0,Unit 3/4,7616 3/4,Crenshaw Blvd,Los Angeles,90043,CA,,,Apartment,NotHome,2.0,,2024/09/22,,,,,33.9706578,-118.3307423,,,,,
729086.0,64,,,3053167.0,Unit,7708 1/2,Crenshaw Blvd,Los Angeles,90043,CA,,,Apartment,Available,0.0,,,,,,,33.9698029,-118.3307441,,,,,
729086.0,64,,,8768911.0,Unit,7708 1/4,Crenshaw Blvd,Los Angeles,90043,CA,,,Apartment,Available,0.0,,,,,,,33.9698029,-118.3307441,,,,,
729086.0,64,,,9158886.0,Unit 3/4,7708 3/4,Crenshaw Blvd,Los Angeles,90043,CA,,,Apartment,Available,0.0,,,,,,,33.9698029,-118.3307441,,,,,
729086.0,64,,,5191073.0,Unit,7716 1/2,Crenshaw Blvd,Los Angeles,90043,CA,,,Apartment,NotHome,1.0,2024/11/01,,,,,,33.9697488,-118.3307442,,,,,
729086.0,64,,,4138030.0,Unit,7716 1/4,Crenshaw Blvd,Los Angeles,90043,CA,,,Apartment,NotHome,1.0,2024/11/01,,,,,,33.9697488,-118.3307442,,,,,
729086.0,64,,,7388200.0,Unit 3/4,7716 3/4,Crenshaw Blvd,Los Angeles,90043,CA,,,Apartment,NotHome,1.0,2024/11/01,,,,,,33.9697488,-118.3307442,,,,,
729086.0,64,,,9023679.0,,3208,W 76th St,Los Angeles,90043,CA,,,House,NotHome,1.0,2024/09/22,,,,,,33.9708166,-118.3288803,,,,,
729086.0,64,,,7593446.0,Unit,3316 1/2,W 76th St,Los Angeles,90043,CA,,,Apartment,NotHome,3.0,,,2025/02/26,,,,33.9708117,-118.3299101,,,,,
729086.0,64,,,3619525.0,Unit,3316 1/4,W 76th St,Los Angeles,90043,CA,,,Apartment,NotHome,2.0,,2024/09/22,,,,,33.9708117,-118.3299101,,,,,
729086.0,64,,,1849078.0,Unit 3/4,3316 3/4,W 76th St,Los Angeles,90043,CA,,,Apartment,NotHome,3.0,,,2025/02/26,,,,33.9708117,-118.3299101,,,,,
729086.0,64,,,8842250.0,Unit,3320 1/2,W 76th St,Los Angeles,90043,CA,,,Apartment,NotHome,1.0,2025/02/26,,,,,,33.9708742,-118.3314117,,,,,
729086.0,64,,,7804953.0,Unit,3320 1/4,W 76th St,Los Angeles,90043,CA,,,Apartment,Home,0.0,2025/02/26,,,,,,33.9708115,-118.3299482,,,,,
729086.0,64,,,8069691.0,Unit 3/4,3320 3/4,W 76th St,Los Angeles,90043,CA,,,Apartment,NotHome,1.0,2025/02/26,,,,,,33.9708115,-118.3299482,,,,,
729086.0,64,,,7152369.0,,3203,W 77th St,Los Angeles,90043,CA,,,House,Available,0.0,,,,,,,33.9700719,-118.3288261,,,,,
729086.0,64,,,6656881.0,,3320 1/2,W 77th St,Los Angeles,90043,CA,,,House,NotHome,1.0,2024/11/01,,,,,,33.9699764,-118.3221149,,,,,
729086.0,64,,,5052667.0,,3321 1/2,W 77th St,Los Angeles,90043,CA,,,House,NotHome,1.0,2024/11/01,,,,,,34.003685,-118.319268,,,,,
729086.0,64,,,8760843.0,,3321,W 78th Pl,Los Angeles,90043,CA,,,House,Available,0.0,,,,,,,33.9682413,-118.3299592,,,,,
729086.0,64,,,6022282.0,,3108,W 78th St,Los Angeles,90043,CA,,,House,Available,0.0,,,,,,,33.9690043,-118.326778,,,,,
729086.0,64,,,6313645.0,,3149,W 78th St,Los Angeles,90043,CA,,,House,Home,0.0,2024/11/01,,,,,,33.9691661,-118.3275492,,,,,
729086.0,64,,,6141420.0,Unit,3317 1/2,W 78th St,Los Angeles,90043,CA,,,Apartment,NotHome,1.0,2024/11/01,,,,,,33.9691569,-118.3299145,,Night worker,,,
729086.0,64,,,5033159.0,Unit,3317 1/4,W 78th St,Los Angeles,90043,CA,,,Apartment,Home,0.0,2024/11/01,,,,,,33.9691569,-118.3299145,,,,,
729086.0,64,,,1152594.0,Unit 3/4,3317 3/4,W 78th St,Los Angeles,90043,CA,,,Apartment,NotHome,1.0,2024/11/01,,,,,,33.9691569,-118.3299145,,,,,
729086.0,64,,,2763168.0,Unit,3321 1/2,W 78th St,Los Angeles,90043,CA,,,Apartment,NotHome,1.0,2024/11/01,,,,,,33.9691568,-118.3299526,,,,,
729086.0,64,,,9043723.0,Unit,3321 1/4,W 78th St,Los Angeles,90043,CA,,,Apartment,Available,0.0,,,,,,,34.003676,-118.321384,,,,,
729086.0,64,,,1941355.0,Unit 3/4,3321 3/4,W 78th St,Los Angeles,90043,CA,,,Apartment,Available,0.0,,,,,,,33.9691568,-118.3299526,,,,,
729086.0,64,,,2976942.0,,3213,W 79th St,Los Angeles,90043,CA,,,House,Available,0.0,,,,,,,33.9673427,-118.3289273,,,,,
729086.0,64,,,5702702.0,,3303,W 79th St,Los Angeles,90043,CA,,,House,Available,0.0,,,,,,,33.9673401,-118.3297846,,,,,
418224.0,65,,,2549635.0,,3,8th Ave,Inglewood,90305,CA,,,House,Available,0.0,,,,,,,33.9617934,-118.3266898,,,,,
418224.0,65,,,7330978.0,,8098,Crenshaw Blvd,Inglewood,90305,CA,,,House,Available,0.0,,,,,,,33.965569,-118.330685,,,,,
418224.0,65,,,8376968.0,,8080,S 10th Ave,Inglewood,90305,CA,,,House,Available,0.0,,,,,,,33.9656897,-118.3285571,,,,,
418224.0,65,,,8761953.0,,3344,W 81St St,Inglewood,90305,CA,,,House,Available,0.0,,,,,,,33.9653604,-118.3293803,,,,,
418224.0,65,,,8272314.0,,3348,W 81St St,Inglewood,90305,CA,,,House,Available,0.0,,,,,,,33.9653607,-118.3294329,,,,,
418224.0,65,,,2753375.0,,311,W 82nd St,Inglewood,90305,CA,,,House,Available,0.0,,,,,,,33.9649123,-118.3243075,,,,,
418224.0,65,,,3994445.0,,3203,W 82nd St,Inglewood,90305,CA,,,House,Available,0.0,,,,,,,33.9646237,-118.327585,,,,,
975664.0,66,,,4328337.0,,3026,W 79th St,Inglewood,90305,CA,,,House,Available,0.0,,,,,,,33.9671829,-118.3256404,,,,,
975664.0,66,,,2984871.0,,2702,W 81St St,Inglewood,90305,CA,,,House,Available,0.0,,,,,,,33.9655919,-118.32289,,,,,
475609.0,67,,,6552406.0,,2820,7th Ave,Inglewood,90305,CA,,,House,NotHome,1.0,2025/03/01,,,,,,33.9490977,-118.3243132,,,,,
475609.0,67,,,2979778.0,,8448,Crenshaw Blvd,Inglewood,90305,CA,,,House,Available,0.0,,,,,,,33.9614343,-118.3263396,,,,,
475609.0,67,,,8649918.0,,8501 1/2,S 5th Ave,Inglewood,90305,CA,,,House,Available,0.0,,,,,,,33.966346,-118.318857,,,,,
475609.0,67,,,4720519.0,,8501 3/4,S 5th Ave,Inglewood,90305,CA,,,House,Available,0.0,,,,,,,33.96457,-118.320968,,,,,
475609.0,67,,,5206226.0,,2703,W 84th Pl,Inglewood,90305,CA,,,House,NotHome,1.0,2025/03/01,,,,,,33.961677,-118.3222811,,,,,
475609.0,67,,,4605511.0,,2913,W 84th St,Inglewood,90305,CA,,,House,Available,0.0,,,,,,,33.9624126,-118.324594,,,,,
475609.0,67,,,7925426.0,,2928,W 84th St,Inglewood,90305,CA,,,House,Available,0.0,,,,,,,33.9622473,-118.3246451,,,,,
475609.0,67,,,6475791.0,,2706 1/2,W 85th St,Inglewood,90305,CA,,,House,Available,0.0,,,,,,,33.9608785,-118.3330515,,,,,
475609.0,67,,,6070321.0,,2806 1/2,W 85th St,Inglewood,90305,CA,,,House,Available,0.0,,,,,,,33.9608785,-118.3330515,,,,,
475609.0,67,,,6439482.0,,2814 1/2,W 85th St,Inglewood,90305,CA,,,House,Available,0.0,,,,,,,33.9608785,-118.3330515,,,,,
475609.0,67,,,4616936.0,,2818 1/2,W 85th St,Inglewood,90305,CA,,,House,Available,0.0,,,,,,,33.9608785,-118.3330515,,,,,
594667.0,68,,,3810412.0,,2524,S 5th Ave,Inglewood,90305,CA,,,House,Available,0.0,,,,,,,33.952725,-118.3221207,,,,,
594667.0,68,,,7566038.0,Unit,2306 1/2,W 79th St,Inglewood,90305,CA,,,Apartment,Available,0.0,,,,,,,33.9671898,-118.3189079,,,,,
594667.0,68,,,6280199.0,,2416,W 81St St,Inglewood,90305,CA,,,House,Available,0.0,,,,,,,33.9653811,-118.3204141,,,,,
731644.0,69,,,1640133.0,,8006 1/2,S 2nd Ave,Inglewood,90305,CA,,,House,Custom1,0.0,2024/12/27,,,,,,33.966346,-118.318857,,,,,
731644.0,69,,,1881268.0,,8010 1/2,S 2nd Ave,Inglewood,90305,CA,,,House,NotHome,1.0,2025/05/28,,,,,,33.966346,-118.318857,,,,,
731644.0,69,,,4268030.0,,7925,S Van Ness Ave,Inglewood,90305,CA,,,House,Available,0.0,,,,,,,33.9662264,-118.3178521,,,,,
739018.0,70,,,3015232.0,,8238,Maitland Ave,Inglewood,90305,CA,,,House,Available,0.0,,,,,,,33.9643751,-118.3210616,,,,,
739018.0,70,,,3936708.0,,8315,Park Cir,Inglewood,90305,CA,,,House,DoNotCall,0.0,,,,,,,,,,,,,
739018.0,70,,,7505813.0,Unit,8400 1/2,S 2nd Ave,Inglewood,90305,CA,,,Apartment,Available,0.0,,,,,,,33.961682,-118.318659,,,,,
739018.0,70,,,3928150.0,,8402 1/2,S 2nd Ave,Inglewood,90305,CA,,,House,Available,0.0,,,,,,,33.966346,-118.318857,,,,,
739018.0,70,,,2699264.0,,8406 1/2,S 2nd Ave,Inglewood,90305,CA,,,House,Available,0.0,,,,,,,33.966346,-118.318857,,,,,
739018.0,70,,,4202742.0,,8406 3/4,S 2nd Ave,Inglewood,90305,CA,,,House,Available,0.0,,,,,,,33.96457,-118.320968,,,,,
739018.0,70,,,2939079.0,,8409,S 2nd Ave,Inglewood,90305,CA,,,House,Available,0.0,,,,,,,33.9616354,-118.3188577,,,,,
739018.0,70,,,9082601.0,,8433,S 2nd Ave,Inglewood,90305,CA,,,House,Available,0.0,,,,,,,33.9614897,-118.3188597,,,,,
828623.0,71,,,9247262.0,,8450,S 5th Ave,Inglewood,90305,CA,,,House,Available,0.0,,,,,,,33.961473,-118.322011,,,,,
828623.0,71,,,4609251.0,,2517,W 84th Pl,Inglewood,90305,CA,,,House,Available,0.0,,,,,,,33.9618987,-118.3204103,,,,,
828623.0,71,,,2449382.0,,0,W 85th St,Inglewood,90305,CA,,,House,Available,0.0,,,,,,,33.9608785,-118.3330515,,,,,
828623.0,71,,,3420031.0,,2408 1/2,W 85th St,Inglewood,90305,CA,,,House,DoNotCall,0.0,,,,,,,33.9607616,-118.3189894,,,,,
828623.0,71,,,9556121.0,Unit,2410 1/2,W 85th St,Inglewood,90305,CA,,,Apartment,Available,0.0,,,,,,,33.9607604,-118.3190067,,,,,
828623.0,71,,,7354578.0,Unit 3/4,2410 3/4,W 85th St,Inglewood,90305,CA,,,Apartment,Available,0.0,,,,,,,33.9607604,-118.3190067,,,,,
828623.0,71,,,1306206.0,,2510 1/2,W 85th St,Inglewood,90305,CA,,,House,Available,0.0,,,,,,,33.9608785,-118.3330515,,,,,
828623.0,71,,,1539108.0,,2514 1/2,W 85th St,Inglewood,90305,CA,,,House,Available,0.0,,,,,,,33.9608785,-118.3330515,,,,,
828623.0,71,,,4706947.0,,2604 1/2,W 85th St,Inglewood,90305,CA,,,House,Available,0.0,,,,,,,33.9608785,-118.3330515,,,,,
732895.0,72,,,3594407.0,,8640,Crenshaw Blvd,Inglewood,90305,CA,,,House,Available,0.0,,,,,,,33.959195,-118.3263571,,,,,
732895.0,72,,,8210150.0,,8702,Crenshaw Blvd,Inglewood,90305,CA,,,House,NotHome,1.0,2025/05/10,,,,,,33.9586986,-118.3263899,,,,,
732895.0,72,,,1762454.0,Unit,8904 1/2,Crenshaw Blvd,Inglewood,90305,CA,,,Apartment,Available,0.0,,,,,,,33.9571501,-118.3263927,,,,,
732895.0,72,,,9372939.0,Unit,8615 1/2,S 5th Ave,Inglewood,90305,CA,,,Apartment,NotHome,1.0,2025/06/07,,,,,,33.9592764,-118.322165,,,,,
732895.0,72,,,1095891.0,,8717,S 8th Ave,Inglewood,90305,CA,,,House,Available,0.0,,,,,,,33.9586574,-118.3254849,,,,,
732895.0,72,,,1238935.0,,8803,S 8th Ave,Inglewood,90305,CA,,,House,Available,0.0,,,,,,,33.9578981,-118.3254899,,,,,
732895.0,72,,,4992811.0,,2908 1/2,W Manchester Blvd,Inglewood,90305,CA,,,House,Available,0.0,,,,,,,33.9599289,-118.3202312,,,,,
512205.0,73,,,5392364.0,,9221,S 8th Ave,Inglewood,90305,CA,,,House,Available,0.0,,,,,,,33.9537338,-118.3254798,,,,,
955667.0,74,,,9338815.0,,8722,S 4th Ave,Inglewood,90305,CA,,,House,Available,0.0,,,,,,,33.9586201,-118.3208992,,,,,
955667.0,74,,,8371338.0,Unit,8616 1/2,S 5th Ave,Inglewood,90305,CA,,,Apartment,NotHome,3.0,,,2025/04/19,,,,33.9592642,-118.321967,,,,,
955667.0,74,,,8665277.0,Unit,8616 1/4,S 5th Ave,Inglewood,90305,CA,,,Apartment,NotHome,3.0,,,2025/04/19,,,,33.9592642,-118.321967,,,,,
955667.0,74,,,7081746.0,Unit 3/4,8616 3/4,S 5th Ave,Inglewood,90305,CA,,,Apartment,NotHome,3.0,,,2025/04/19,,,,33.9592642,-118.321967,,,,,
889731.0,75,,,2884969.0,,9216,S 2nd Ave,Inglewood,90305,CA,,,House,Available,0.0,,,,,,,33.9537783,-118.3187104,,,,,
889731.0,75,,,9551234.0,,9226,S Van Ness Ave,Los Angeles,90047,CA,,,House,Available,0.0,,,,,,,33.9524316,-118.317625,,,,,
739236.0,P-55,P,Prairie Inglewood,8457719.0,,7234,Brynhurst Ave,Los Angeles,90043,CA,,,House,Available,0.0,,,,,,,33.9740784,-118.3340647,,,,,
739236.0,P-55,P,Prairie Inglewood,9613907.0,,7236,Brynhurst Ave,Los Angeles,90043,CA,,,House,Available,0.0,,,,,,,33.974063,-118.3340646,,,,,
739236.0,P-55,P,Prairie Inglewood,3027468.0,,7339,S Victoria Ave,Los Angeles,90043,CA,,,House,Available,0.0,,,,,,,33.9732243,-118.3331224,,,,,
739236.0,P-55,P,Prairie Inglewood,5916577.0,,7615,S Victoria Ave,Los Angeles,90043,CA,,,House,Home,0.0,2024/10/12,,,,,,33.9706521,-118.3331374,,,,,
739236.0,P-55,P,Prairie Inglewood,4495300.0,,3410,W 73rd St,Los Angeles,90043,CA,,,House,Available,0.0,,,,,,,33.9735793,-118.3312176,,,,,
739236.0,P-55,P,Prairie Inglewood,3083875.0,,3420,W 73rd St,Los Angeles,90043,CA,,,House,Available,0.0,,,,,,,33.9735814,-118.3314065,,,,,
739236.0,P-55,P,Prairie Inglewood,7950214.0,,3436,W 73rd St,Los Angeles,90043,CA,,,House,Home,0.0,2024/10/12,,,,,,33.9735788,-118.3317085,,,,,
739236.0,P-55,P,Prairie Inglewood,7765793.0,,3446,W 73rd St,Los Angeles,90043,CA,,,House,Available,0.0,,,,,,,33.9735548,-118.3318957,,,,,
739236.0,P-55,P,Prairie Inglewood,1199929.0,,3415,W 74th St,Los Angeles,90043,CA,,,House,Available,0.0,,,,,,,33.9727876,-118.3312569,,,,,
739236.0,P-55,P,Prairie Inglewood,5449294.0,,3437,W 74th St,Los Angeles,90043,CA,,,House,DoNotCall,0.0,,,,,,,,,,,,,
739236.0,P-55,P,Prairie Inglewood,2962100.0,,3428,W 75th St,Los Angeles,90043,CA,,,House,Available,0.0,,,,,,,33.9717214,-118.3315316,,,,,
739236.0,P-55,P,Prairie Inglewood,6146962.0,,3457,W 75th St,Los Angeles,90043,CA,,,House,Home,0.0,2025/02/01,,,,,,33.9718837,-118.3312552,,,,,
739236.0,P-55,P,Prairie Inglewood,6737180.0,,3455,W 77th St,Los Angeles,90043,CA,,,House,Available,0.0,,,,,,,33.9700587,-118.3320318,,,,,
739236.0,P-55,P,Prairie Inglewood,1023421.0,,3455,W 78th St,Los Angeles,90043,CA,,,House,Available,0.0,,,,,,,33.9691502,-118.3320328,,,,,
739236.0,P-55,P,Prairie Inglewood,7607325.0,,3414,W Florence Ave,Los Angeles,90043,CA,,,House,Available,0.0,,,,,,,33.97444,-118.3313723,,,,,
739236.0,P-55,P,Prairie Inglewood,1928099.0,,3436 1/2,W Florence Ave,Los Angeles,90043,CA,,,House,Available,0.0,,,,,,,34.003685,-118.319268,,,,,
739236.0,P-55,P,Prairie Inglewood,2118705.0,,3512,W Florence Ave,Los Angeles,90043,CA,,,House,Available,0.0,,,,,,,33.9744274,-118.3334312,,,,,
739236.0,P-55,P,Prairie Inglewood,2165997.0,,3974,W Florence Ave,Los Angeles,90043,CA,,,House,Available,0.0,,,,,,,33.9744889,-118.335232,,,,,
739236.0,P-55,P,Prairie Inglewood,1234959.0,,5544,W Florence Ave,Los Angeles,90043,CA,,,House,Available,0.0,,,,,,,33.9744889,-118.335232,,,,,
,,,,,,3719,Armitage Ave,Inglewood,90305,CA,,,,,,,,,,,,,,,,,Armitage_Ave_529.json,2025-11-09T18:24:37.031493
,,,,,,3734,Armitage Ave,Inglewood,90305,CA,,,,,,,,,,,,,,,,,Armitage_Ave_707.json,2025-11-09T18:24:37.034928
,,,,,,8718,Beckenham Ln,Inglewood,90305,CA,,,,,,,,,,,,,,,,,Beckenham_Ln_711.json,2025-11-09T18:24:37.062845
,,,,,,8704,Carlton Dr,Inglewood,90305,CA,,,,,,,,,,,,,,,,,Carlton_Dr_718.json,2025-11-09T18:24:37.085770
,,,,,,8708,Carlton Dr,Inglewood,90305,CA,,,,,,,,,,,,,,,,,Carlton_Dr_719.json,2025-11-09T18:24:37.114127
,,,,,,8712,Carlton Dr,Inglewood,90305,CA,,,,,,,,,,,,,,,,,Carlton_Dr_720.json,2025-11-09T18:24:37.132068
,,,,,,8716,Carlton Dr,Inglewood,90305,CA,,,,,,,,,,,,,,,,,Carlton_Dr_721.json,2025-11-09T18:24:37.143744
,,,,,,8748,Carlton Dr,Inglewood,90305,CA,,,,,,,,,,,,,,,,,Carlton_Dr_729.json,2025-11-09T18:24:37.155343
,,,,,,8752,Carlton Dr,Inglewood,90305,CA,,,,,,,,,,,,,,,,,Carlton_Dr_730.json,2025-11-09T18:24:37.157308
,,,,,,9311,Crenshaw Blvd,Inglewood,90305,CA,,,,,,,,,,,,,,,,,Crenshaw_Blvd_361.json,2025-11-09T18:24:37.216079
,,,,,,8609,Crenshaw Blvd,Inglewood,90305,CA,,,,,,,,,,,,,,,,,Crenshaw_Blvd_50.json,2025-11-09T18:24:37.218074
,,,,,,8723,Crenshaw Blvd,Inglewood,90305,CA,,,,,,,,,,,,,,,,,Crenshaw_Blvd_60.json,2025-11-09T18:24:37.297880
,,,,,,8712,Dartford Pl,Inglewood,90305,CA,,,,,,,,,,,,,,,,,Dartford_Pl_542.json,2025-11-09T18:24:37.338108
,,,,,,8716,Dartford Pl,Inglewood,90305,CA,,,,,,,,,,,,,,,,,Dartford_Pl_543.json,2025-11-09T18:24:37.353933
,,,,,,8720,Dartford Pl,Inglewood,90305,CA,,,,,,,,,,,,,,,,,Dartford_Pl_544.json,2025-11-09T18:24:37.381240
,,,,,,8792,Dartford Pl,Inglewood,90305,CA,,,,,,,,,,,,,,,,,Dartford_Pl_552.json,2025-11-09T18:24:37.426517
,,,,,,8828,Dartford Pl,Inglewood,90305,CA,,,,,,,,,,,,,,,,,Dartford_Pl_560.json,2025-11-09T18:24:37.508297
,,,,,,8832,Dartford Pl,Inglewood,90305,CA,,,,,,,,,,,,,,,,,Dartford_Pl_561.json,2025-11-09T18:24:37.532182
,,,,,,8836,Dartford Pl,Inglewood,90305,CA,,,,,,,,,,,,,,,,,Dartford_Pl_562.json,2025-11-09T18:24:37.545344
,,,,,,3701,Farnham Ln,Inglewood,90305,CA,,,,,,,,,,,,,,,,,Farnham_Ln_563.json,2025-11-09T18:24:37.565333
,,,,,,8818,Glendover Wy,Inglewood,90305,CA,,,,,,,,,,,,,,,,,Glendover_Wy_575.json,2025-11-09T18:24:37.591305
,,,,,,3600,Kensley Dr,Inglewood,90305,CA,,,,,,,,,,,,,,,,,Kensley_Dr_576.json,2025-11-09T18:24:37.609905
,,,,,,3602,Kensley Dr,Inglewood,90305,CA,,,,,,,,,,,,,,,,,Kensley_Dr_578.json,2025-11-09T18:24:37.621874
,,,,,,3660,Kensley Dr,Inglewood,90305,CA,,,,,,,,,,,,,,,,,Kensley_Dr_606.json,2025-11-09T18:24:37.634841
,,,,,,3664,Kensley Dr,Inglewood,90305,CA,,,,,,,,,,,,,,,,,Kensley_Dr_608.json,2025-11-09T18:24:37.648802
,,,,,,3668,Kensley Dr,Inglewood,90305,CA,,,,,,,,,,,,,,,,,Kensley_Dr_610.json,2025-11-09T18:24:37.662765
,,,,,,3672,Kensley Dr,Inglewood,90305,CA,,,,,,,,,,,,,,,,,Kensley_Dr_612.json,2025-11-09T18:24:37.674471
,,,,,,3676,Kensley Dr,Inglewood,90305,CA,,,,,,,,,,,,,,,,,Kensley_Dr_615.json,2025-11-09T18:24:37.685901
,,,,,,3684,Kensley Dr,Inglewood,90305,CA,,,,,,,,,,,,,,,,,Kensley_Dr_620.json,2025-11-09T18:24:37.698228
,,,,,,3116,Manchester Blvd,Inglewood,90305,CA,,,,,,,,,,,,,,,,,Manchester_Blvd_63.json,2025-11-09T18:24:37.724310
,,,,,,3136,Manchester Blvd,Inglewood,90305,CA,,,,,,,,,,,,,,,,,Manchester_Blvd_68.json,2025-11-09T18:24:37.738277
,,,,,,3218,Manchester Blvd,Inglewood,90305,CA,,,,,,,,,,,,,,,,,Manchester_Blvd_72.json,2025-11-09T18:24:37.760215
,,,,,,3306,Manchester Blvd,Inglewood,90305,CA,,,,,,,,,,,,,,,,,Manchester_Blvd_75.json,2025-11-09T18:24:37.824876
,,,,,,8721,Penridge Pl,Inglewood,90305,CA,,,,,,,,,,,,,,,,,Penridge_Pl_634.json,2025-11-09T18:24:37.874113
,,,,,,8728,Penridge Pl,Inglewood,90305,CA,,,,,,,,,,,,,,,,,Penridge_Pl_637.json,2025-11-09T18:24:37.891065
,,,,,,8753,Penridge Pl,Inglewood,90305,CA,,,,,,,,,,,,,,,,,Penridge_Pl_644.json,2025-11-09T18:24:37.914309
,,,,,,3621,Summerset Pl,Inglewood,90305,CA,,,,,,,,,,,,,,,,,Summerset_Pl_685.json,2025-11-09T18:24:37.941409
,,,,,,3625,Summerset Pl,Inglewood,90305,CA,,,,,,,,,,,,,,,,,Summerset_Pl_687.json,2025-11-09T18:24:37.963221
,,,,,,9616,S 10th Ave,Inglewood,90305,CA,,,,,,,,,,,,,,,,,S_10th_Ave_412.json,2025-11-09T18:24:37.977053
,,,,,,9629,S Crenshaw Blvd,Inglewood,90305,CA,,,,,,,,,,,,,,,,,S_Crenshaw_Blvd_424.json,2025-11-09T18:24:37.997531
,,,,,,3101,W Arbor Vitae St,Inglewood,90305,CA,,,,,,,,,,,,,,,,,W_Arbor_Vitae_St_353.json,2025-11-09T18:24:38.012490
,,,,,,3231,W Arbor Vitae St,Inglewood,90305,CA,,,,,,,,,,,,,,,,,W_Arbor_Vitae_St_359.json,2025-11-09T18:24:38.042617
,,,,,,3116,W Manchester Blvd,Inglewood,90305,CA,,,,,,,,,,,,,,,,,W_Manchester_Blvd_189.json,2025-11-09T18:24:38.056581
,,,,,,3136,W Manchester Blvd,Inglewood,90305,CA,,,,,,,,,,,,,,,,,W_Manchester_Blvd_194.json,2025-11-09T18:24:38.090435
,,,,,,3218,W Manchester Blvd,Inglewood,90305,CA,,,,,,,,,,,,,,,,,W_Manchester_Blvd_198.json,2025-11-09T18:24:38.099516
,,,,,,3306,W Manchester Blvd,Inglewood,90305,CA,,,,,,,,,,,,,,,,,W_Manchester_Blvd_201.json,2025-11-09T18:24:38.131340
,,,,,,3424,W Manchester Blvd,Inglewood,90305,CA,,,,,,,,,,,,,,,,,W_Manchester_Blvd_696.json,2025-11-09T18:24:38.175921
